;;Energia;Energia;Energia;Energia;Energia;Energia;Energia;Energia;Energia;Energia;Energia;Energia;Energia;Energia;Energia;Energia;Energia;Energia;Energia;Energia;Energia;Energia;Energia;Energia;Energia;Makespan;Makespan;Makespan;Makespan;Makespan;Makespan;Makespan;Makespan;Makespan;Makespan;Makespan;Makespan;Makespan;Makespan;Makespan;Makespan;Makespan;Makespan;Makespan;Makespan;Makespan;Makespan;Makespan;Makespan;Makespan;tasks;tasks;tasks;tasks;tasks;tasks;tasks;tasks;tasks;tasks;tasks;tasks;tasks;tasks;tasks;tasks;tasks;tasks;tasks;tasks;tasks;tasks;tasks;tasks;tasks;time;time;time;time;time;time;time;time;time;time;time;time;time;time;time;time;time;time;time;time;time;time;time;time;time
Token;;BTT(0.3:0.3);BTT(0.3:0.8);BTT(0.5:0.5);BTT(0.8:0.3);BTT(0.8:0.8);BTT(0:0);BTT(1:1);GAT(CHECK);GAT(COLL);GAT(COUNT);GAT(GREEDY);GAT(TASK);GATP(CHECK);GATP(COLL);GATP(COUNT);GATP(GREEDY);GATP(TASK);TP;TTP(0.3:0.3);TTP(0.3:0.8);TTP(0.5:0.5);TTP(0.8:0.3);TTP(0.8:0.8);TTP(0:0);TTP(1:1);BTT(0.3:0.3);BTT(0.3:0.8);BTT(0.5:0.5);BTT(0.8:0.3);BTT(0.8:0.8);BTT(0:0);BTT(1:1);GAT(CHECK);GAT(COLL);GAT(COUNT);GAT(GREEDY);GAT(TASK);GATP(CHECK);GATP(COLL);GATP(COUNT);GATP(GREEDY);GATP(TASK);TP;TTP(0.3:0.3);TTP(0.3:0.8);TTP(0.5:0.5);TTP(0.8:0.3);TTP(0.8:0.8);TTP(0:0);TTP(1:1);BTT(0.3:0.3);BTT(0.3:0.8);BTT(0.5:0.5);BTT(0.8:0.3);BTT(0.8:0.8);BTT(0:0);BTT(1:1);GAT(CHECK);GAT(COLL);GAT(COUNT);GAT(GREEDY);GAT(TASK);GATP(CHECK);GATP(COLL);GATP(COUNT);GATP(GREEDY);GATP(TASK);TP;TTP(0.3:0.3);TTP(0.3:0.8);TTP(0.5:0.5);TTP(0.8:0.3);TTP(0.8:0.8);TTP(0:0);TTP(1:1);BTT(0.3:0.3);BTT(0.3:0.8);BTT(0.5:0.5);BTT(0.8:0.3);BTT(0.8:0.8);BTT(0:0);BTT(1:1);GAT(CHECK);GAT(COLL);GAT(COUNT);GAT(GREEDY);GAT(TASK);GATP(CHECK);GATP(COLL);GATP(COUNT);GATP(GREEDY);GATP(TASK);TP;TTP(0.3:0.3);TTP(0.3:0.8);TTP(0.5:0.5);TTP(0.8:0.3);TTP(0.8:0.8);TTP(0:0);TTP(1:1)
F;Ag;;;;;;;;;;;;;;;;;;;;;;;;;;;;;;;;;;;;;;;;;;;;;;;;;;;;;;;;;;;;;;;;;;;;;;;;;;;;;;;;;;;;;;;;;;;;;;;;;;;;
0.2;10;99402.0;99910.0;99402.0;99402.0;99910.0;99402.0;100348.0;99716.0;99402.0;100311.0;98066.0;99590.0;96850.0;96483.0;96499.0;94100.0;96922.0;99402.0;99718.0;99718.0;99718.0;99718.0;99718.0;99402.0;100114.0;2541.0;2548.0;2541.0;2541.0;2548.0;2541.0;2549.0;2543.0;2547.5;2544.5;2560.0;2545.0;2554.0;2553.0;2553.0;2549.0;2554.5;2541.0;2539.0;2539.0;2539.0;2539.0;2539.0;2541.0;2533.0;500.0;508.0;500.0;500.0;508.0;500.0;672.0;500.0;500.0;500.0;500.0;500.0;500.0;500.0;500.0;500.0;500.0;500.0;500.0;500.0;500.0;500.0;500.0;500.0;500.0;0.074707;0.083107;0.075967;0.074657;0.083418;0.074596;0.078245;7.3749885;21.653295;14.261075;0.166024;9.7077695;5.784215;24.153667;6.4836405;0.079322;8.217223;0.076399;0.073495;0.073846;0.074219;0.073542;0.083605;0.072777;0.124939
0.2;20;125142.0;125538.0;125744.0;125142.0;125538.0;125142.0;125084.0;134135.0;132979.0;134876.0;124204.0;135995.0;121328.0;120796.0;121169.0;119638.0;121541.0;125142.0;125594.0;125594.0;125594.0;125594.0;125594.0;125142.0;125594.0;2533.0;2530.0;2541.0;2533.0;2530.0;2533.0;2531.0;2546.0;2546.5;2545.0;2540.0;2546.0;2550.0;2547.0;2547.0;2576.0;2555.5;2533.0;2550.0;2550.0;2550.0;2550.0;2550.0;2533.0;2550.0;500.0;510.0;508.0;500.0;510.0;500.0;654.0;500.0;500.0;500.0;500.0;500.0;500.0;500.0;500.0;500.0;500.0;500.0;500.0;500.0;500.0;500.0;500.0;500.0;500.0;0.163283;0.151177;0.167219;0.165406;0.147249;0.16296;0.160946;11.5335495;72.400855;14.08971;0.162292;16.9181285;11.3131455;86.92211;13.904397;0.09451;17.8226415;0.159454;0.145621;0.14406;0.148185;0.14499;0.147819;0.15459;0.146547
0.2;30;150480.0;150486.0;151592.0;150480.0;150486.0;150480.0;152200.0;163009.0;161722.0;164222.0;148820.0;166755.0;146290.0;146083.0;146371.0;145104.0;147055.0;150480.0;150480.0;150480.0;150480.0;150480.0;150480.0;150480.0;150480.0;2530.0;2530.0;2550.0;2530.0;2530.0;2530.0;2530.0;2546.0;2537.5;2546.5;2538.0;2545.5;2547.5;2541.5;2545.5;2555.0;2547.5;2530.0;2530.0;2530.0;2530.0;2530.0;2530.0;2530.0;2530.0;500.0;524.0;504.0;500.0;524.0;500.0;716.0;500.0;500.0;500.0;500.0;500.0;500.0;500.0;500.0;500.0;500.0;500.0;500.0;500.0;500.0;500.0;500.0;500.0;500.0;0.183539;0.187282;0.17836;0.18405;0.189829;0.182671;0.193521;23.685472;122.762422;20.8453155;0.172068;26.5997845;17.6808915;190.236364;23.696361;0.105726;28.7763955;0.178145;0.178558;0.17739;0.178295;0.177107;0.177959;0.178231;0.179624
0.2;40;176098.0;176368.0;176098.0;176098.0;176368.0;176098.0;176856.0;190907.0;188686.0;193001.0;176578.0;196984.0;171854.0;171860.0;172218.0;171390.0;172510.0;176098.0;176444.0;176444.0;176444.0;176444.0;176444.0;176098.0;176444.0;2535.0;2532.0;2535.0;2535.0;2532.0;2535.0;2538.0;2540.0;2545.0;2544.0;2552.0;2544.5;2535.0;2546.0;2549.5;2563.0;2545.5;2535.0;2540.0;2540.0;2540.0;2540.0;2540.0;2535.0;2540.0;500.0;522.0;500.0;500.0;522.0;500.0;698.0;500.0;500.0;500.0;500.0;500.0;500.0;500.0;500.0;500.0;500.0;500.0;500.0;500.0;500.0;500.0;500.0;500.0;500.0;0.201539;0.203478;0.198936;0.20007;0.204469;0.199695;0.225306;21.710196;272.263377;30.119702;0.22554;42.0581195;23.7516795;335.595849;35.6977685;0.119165;43.3170085;0.192984;0.191906;0.191871;0.191333;0.193653;0.192551;0.191678;0.19313
0.2;50;201916.0;202794.0;201884.0;201916.0;202794.0;201916.0;203488.0;219182.0;214392.0;220491.0;201634.0;223542.0;197588.0;197029.0;197927.0;198856.0;198082.0;201916.0;202376.0;201938.0;202376.0;201938.0;201938.0;201916.0;201938.0;2530.0;2541.0;2530.0;2530.0;2541.0;2530.0;2530.0;2542.5;2545.0;2547.0;2556.0;2546.0;2543.5;2540.5;2543.5;2594.0;2547.0;2530.0;2541.0;2533.0;2541.0;2533.0;2533.0;2530.0;2533.0;500.0;522.0;504.0;500.0;522.0;500.0;692.0;500.0;500.0;500.0;500.0;500.0;500.0;500.0;500.0;500.0;500.0;500.0;500.0;500.0;500.0;500.0;500.0;500.0;500.0;0.223753;0.222996;0.225238;0.223781;0.222546;0.22403;0.261822;26.119216;394.708684;40.8303135;0.1878205;51.845935;31.6882095;517.0158005;50.4623665;0.140041;60.2665825;0.219658;0.214823;0.204972;0.214506;0.203943;0.204475;0.215941;0.20398
0.5;10;74376.0;74890.0;74262.0;74376.0;74890.0;74376.0;75546.0;75217.0;74981.0;75893.0;74818.0;75180.0;76230.0;76349.0;77925.0;74738.0;76530.0;74376.0;73898.0;73662.0;73728.0;73116.0;73226.0;74376.0;73396.0;1286.0;1291.0;1276.0;1286.0;1291.0;1286.0;1350.0;1320.5;1318.5;1343.0;1319.0;1321.5;1360.5;1368.0;1428.5;1319.0;1374.0;1286.0;1252.0;1277.0;1266.0;1236.0;1240.0;1286.0;1279.0;500.0;528.0;504.0;500.0;528.0;500.0;666.0;500.0;500.0;500.0;500.0;500.0;500.0;500.0;500.0;500.0;500.0;500.0;500.0;500.0;500.0;500.0;500.0;500.0;500.0;0.058287;0.060642;0.064243;0.058934;0.096899;0.05897;0.099894;24.4063495;58.3009555;28.797678;0.2953765;30.6297875;21.6505155;91.80749;30.710607;0.338482;33.3677335;0.056722;0.090188;0.097425;0.084436;0.110488;0.105187;0.087852;0.152613
0.5;20;96584.0;96342.0;95852.0;96584.0;96342.0;96020.0;95760.0;97732.0;97116.0;98429.0;93720.0;97873.0;94068.0;93829.0;94197.0;88396.0;94135.0;96020.0;97124.0;97658.0;97730.0;96868.0;97474.0;96020.0;97770.0;1075.0;1076.0;1055.0;1075.0;1076.0;1066.0;1073.0;1064.0;1063.0;1069.0;1083.0;1066.0;1075.0;1077.0;1080.0;1073.0;1075.5;1066.0;1076.0;1072.0;1092.0;1073.0;1089.0;1066.0;1090.0;508.0;558.0;508.0;508.0;558.0;500.0;796.0;500.0;500.0;500.0;500.0;500.0;500.0;500.0;500.0;500.0;500.0;500.0;500.0;500.0;500.0;500.0;500.0;500.0;500.0;0.177549;0.19711;0.227498;0.175822;0.198315;0.188659;0.30561;22.517552;74.559315;36.479465;0.269005;28.298056;12.655887;98.5961075;16.310458;0.108644;20.170918;0.183521;0.208062;0.205849;0.268582;0.262502;0.278651;0.18511;0.337393
0.5;30;108220.0;110888.0;108548.0;108220.0;110888.0;108414.0;113360.0;114989.0;112844.0;120087.0;104402.0;117822.0;103972.0;103536.0;104069.0;99956.0;104009.0;108414.0;110124.0;110818.0;109648.0;110682.0;110682.0;108414.0;110682.0;1067.0;1095.0;1074.0;1067.0;1095.0;1062.0;1102.0;1065.0;1072.0;1066.0;1066.0;1064.0;1066.0;1063.0;1073.5;1093.0;1067.0;1062.0;1089.0;1104.0;1077.0;1094.0;1094.0;1062.0;1094.0;502.0;552.0;504.0;502.0;552.0;500.0;870.0;500.0;500.0;500.0;500.0;500.0;500.0;500.0;500.0;500.0;500.0;500.0;500.0;500.0;500.0;500.0;500.0;500.0;500.0;0.25581;0.24669;0.235559;0.25262;0.24475;0.217669;0.316401;26.2212135;175.9139855;32.993725;0.2549045;39.590872;17.4219985;213.112755;26.824386;0.102324;32.7791675;0.211359;0.239119;0.227576;0.225519;0.283385;0.288101;0.210068;0.280878
0.5;40;120252.0;120364.0;120036.0;120252.0;120364.0;120116.0;124344.0;128514.0;125733.0;134200.0;114608.0;133342.0;114396.0;114217.0;115073.0;110268.0;115157.0;120116.0;119560.0;119560.0;120294.0;119460.0;119460.0;120116.0;119394.0;1082.0;1072.0;1095.0;1082.0;1072.0;1078.0;1081.0;1065.0;1074.5;1071.5;1081.0;1065.0;1067.5;1068.5;1069.0;1079.0;1072.5;1078.0;1092.0;1092.0;1095.0;1080.0;1080.0;1078.0;1062.0;508.0;542.0;506.0;508.0;542.0;500.0;904.0;500.0;500.0;500.0;500.0;500.0;500.0;500.0;500.0;500.0;500.0;500.0;500.0;500.0;500.0;500.0;500.0;500.0;500.0;0.25043;0.276593;0.25418;0.250765;0.276756;0.257035;0.404315;31.226038;294.0441005;44.486696;0.2687345;75.7785885;28.5082485;288.5737215;28.217211;0.117461;47.981682;0.245528;0.222296;0.228386;0.229057;0.22935;0.229563;0.244893;0.243784
0.5;50;131536.0;131794.0;130020.0;131536.0;131794.0;131254.0;134176.0;142682.0;136621.0;148410.0;127312.0;149696.0;125720.0;125288.0;125940.0;123196.0;125606.0;131254.0;131708.0;130800.0;131708.0;130800.0;130800.0;131254.0;130850.0;1070.0;1076.0;1066.0;1070.0;1076.0;1074.0;1070.0;1067.5;1066.0;1066.0;1092.0;1065.0;1067.5;1066.5;1066.5;1112.0;1062.5;1074.0;1087.0;1062.0;1087.0;1062.0;1062.0;1074.0;1062.0;502.0;596.0;506.0;502.0;596.0;500.0;938.0;500.0;500.0;500.0;500.0;500.0;500.0;500.0;500.0;500.0;500.0;500.0;500.0;500.0;500.0;500.0;500.0;500.0;500.0;0.274032;0.28941;0.261666;0.275854;0.289428;0.246239;0.383478;38.3243825;379.0192565;58.582336;0.295633;64.50211;23.688135;401.751043;35.652713;0.122101;67.340901;0.244676;0.28909;0.261737;0.289415;0.258891;0.258702;0.234835;0.265222
1;10;72394.0;72202.0;71964.0;72394.0;72202.0;72406.0;73010.0;71482.0;71567.0;71642.0;71564.0;71481.0;72474.0;72452.0;73673.0;71386.0;72480.0;72406.0;72200.0;71700.0;71234.0;71244.0;70866.0;72406.0;70234.0;1214.0;1214.0;1190.0;1214.0;1214.0;1214.0;1249.0;1211.0;1222.0;1211.5;1222.0;1209.5;1237.5;1252.0;1279.0;1209.0;1246.5;1214.0;1205.0;1183.0;1166.0;1166.0;1158.0;1214.0;1162.0;500.0;534.0;502.0;500.0;534.0;500.0;694.0;500.0;500.0;500.0;500.0;500.0;500.0;500.0;500.0;500.0;500.0;500.0;500.0;500.0;500.0;500.0;500.0;500.0;500.0;0.167982;0.112138;0.167239;0.167853;0.168469;0.161231;0.159567;36.5549565;84.8276985;46.134478;6.351942;51.8990445;43.1673325;120.9206465;59.85174;6.933635;66.853832;0.113061;0.209676;0.213328;0.213655;0.229763;0.221006;0.165016;0.221383
1;20;77156.0;78222.0;78450.0;77156.0;78222.0;77958.0;80342.0;78047.0;77722.0;80183.0;77780.0;78091.0;80159.0;79688.0;81555.0;76950.0;79760.0;77958.0;77552.0;75924.0;77262.0;75186.0;75526.0;77958.0;75034.0;713.0;715.0;752.0;713.0;715.0;741.0;770.0;718.0;718.5;759.5;747.0;727.0;765.5;761.5;793.5;702.0;762.0;741.0;723.0;673.0;718.0;652.0;673.0;741.0;674.0;508.0;568.0;510.0;508.0;568.0;500.0;820.0;500.0;500.0;500.0;500.0;500.0;500.0;500.0;500.0;500.0;500.0;500.0;500.0;500.0;500.0;500.0;500.0;500.0;500.0;0.115226;0.141868;0.142499;0.118858;0.1402;0.131145;0.181974;43.4804;155.2114085;56.2937235;0.4933735;62.513451;34.766719;271.953859;56.0301715;0.528175;62.0205515;0.125073;0.137557;0.157589;0.168546;0.174086;0.182861;0.125864;0.364032
1;30;86286.0;87770.0;86708.0;86286.0;87770.0;86402.0;97378.0;87281.0;86666.0;90604.0;86374.0;88307.0;90611.0;89925.0;92325.0;83956.0;91022.0;86402.0;87292.0;87130.0;87110.0;87962.0;86744.0;86402.0;87468.0;594.0;605.0;598.0;594.0;605.0;588.0;765.0;591.0;582.5;633.5;583.0;605.0;635.0;625.5;660.5;577.0;636.5;588.0;599.0;602.0;594.0;624.0;594.0;588.0;599.0;504.0;578.0;516.0;504.0;578.0;500.0;1014.0;500.0;500.0;500.0;500.0;500.0;500.0;500.0;500.0;500.0;500.0;500.0;500.0;500.0;500.0;500.0;500.0;500.0;500.0;0.201923;0.169818;0.146318;0.203083;0.167721;0.223372;0.356245;46.1743855;206.0867315;70.884752;0.492068;66.4105275;31.212441;312.927902;54.183332;0.174547;57.1662115;0.214762;0.297581;0.295069;0.259393;0.431704;0.497846;0.214746;1.83853
1;40;101366.0;104086.0;100890.0;101366.0;104086.0;100850.0;107448.0;99691.0;97228.0;102010.0;94130.0;101713.0;98459.0;98034.0;98904.0;90638.0;98699.0;100850.0;100618.0;101912.0;101676.0;102448.0;103120.0;100850.0;102384.0;612.0;662.0;610.0;612.0;662.0;614.0;702.0;580.0;580.0;574.0;584.0;584.0;589.0;590.0;588.5;598.0;587.0;614.0;607.0;601.0;630.0;629.0;625.0;614.0;609.0;506.0;644.0;522.0;506.0;644.0;500.0;1008.0;500.0;500.0;500.0;500.0;500.0;500.0;500.0;500.0;500.0;500.0;500.0;500.0;500.0;500.0;500.0;500.0;500.0;500.0;0.260884;0.367006;0.330296;0.262415;0.363393;0.321439;0.371332;80.316598;260.5192165;63.7972315;0.4898175;65.7675205;21.057108;307.9880775;29.379672;0.161765;49.2060545;0.317509;0.395192;0.355339;0.437798;0.554612;1.308516;0.319744;1.447765
1;50;110476.0;112204.0;110958.0;110476.0;112204.0;110638.0;119080.0;108778.0;105689.0;115446.0;100316.0;114679.0;103463.0;103135.0;104533.0;97188.0;103742.0;110638.0;110650.0;110938.0;111720.0;112362.0;112362.0;110638.0;111396.0;614.0;659.0;626.0;614.0;659.0;624.0;752.0;579.0;582.5;577.0;583.0;580.5;581.5;578.5;587.0;585.0;578.5;624.0;628.0;614.0;613.0;617.0;617.0;624.0;612.0;506.0;624.0;528.0;506.0;624.0;500.0;994.0;500.0;500.0;500.0;500.0;500.0;500.0;500.0;500.0;500.0;500.0;500.0;500.0;500.0;500.0;500.0;500.0;500.0;500.0;0.405002;0.382656;0.403429;0.400617;0.382896;0.38269;0.396834;68.893469;781.39871;133.111745;0.453304;79.30893;23.61922;316.0168635;39.253093;0.175164;44.713315;0.373901;0.335115;0.392339;0.44152;0.436805;0.444632;0.371877;0.451328
10;10;71054.0;70814.0;71184.0;71054.0;70814.0;71022.0;72136.0;70339.0;70649.0;70477.0;70480.0;70563.0;71138.0;71186.0;71291.0;71484.0;71050.0;71022.0;71356.0;70806.0;70914.0;70528.0;70310.0;71022.0;69468.0;1181.0;1164.0;1171.0;1181.0;1164.0;1163.0;1222.0;1171.5;1184.5;1182.0;1172.0;1183.0;1198.5;1214.0;1200.5;1219.0;1201.0;1163.0;1164.0;1147.0;1163.0;1137.0;1135.0;1163.0;1121.0;500.0;526.0;508.0;500.0;526.0;500.0;696.0;500.0;500.0;500.0;500.0;500.0;500.0;500.0;500.0;500.0;500.0;500.0;500.0;500.0;500.0;500.0;500.0;500.0;500.0;0.371744;0.371923;0.372984;0.372493;0.371468;0.37647;0.390509;7.1886715;10.4763425;8.600103;3.3225765;14.9986875;8.5799705;16.8330815;11.7913145;4.169498;12.9093575;0.253104;0.423258;0.413388;0.423875;0.439047;0.391504;0.368745;0.37957
10;20;74688.0;75260.0;74540.0;74688.0;75260.0;74070.0;78062.0;73537.0;73367.0;73660.0;72518.0;73279.0;74572.0;74655.0;74740.0;76684.0;74626.0;74070.0;73824.0;73518.0;73634.0;73868.0;72376.0;74070.0;71710.0;668.0;683.0;643.0;668.0;683.0;647.0;736.0;657.5;651.0;667.0;618.0;651.5;682.0;674.0;680.5;763.0;675.0;647.0;633.0;640.0;620.0;653.0;609.0;647.0;600.0;506.0;572.0;514.0;506.0;572.0;500.0;882.0;500.0;500.0;500.0;500.0;500.0;500.0;500.0;500.0;500.0;500.0;500.0;500.0;500.0;500.0;500.0;500.0;500.0;500.0;0.380055;0.405831;0.393911;0.379582;0.412742;0.375738;0.48136;9.2048465;23.781313;12.5656975;2.8891075;13.1992405;10.878826;26.9350935;15.4636485;3.748678;17.232263;0.360402;0.460267;0.465523;0.475283;0.549138;0.53407;0.37398;0.766947
10;30;78678.0;78426.0;79494.0;78678.0;78426.0;78738.0;82528.0;76160.0;76207.0;76077.0;77388.0;76070.0;77762.0;77294.0;78043.0;79252.0;77753.0;78738.0;79020.0;76432.0;76652.0;77822.0;75140.0;78738.0;75968.0;484.0;488.0;516.0;484.0;488.0;491.0;579.0;477.0;473.0;471.0;508.0;474.5;496.0;484.0;503.5;530.0;494.0;491.0;501.0;466.0;465.0;505.0;442.0;491.0;451.0;504.0;608.0;520.0;504.0;608.0;500.0;996.0;500.0;500.0;500.0;500.0;500.0;500.0;500.0;500.0;500.0;500.0;500.0;500.0;500.0;500.0;500.0;500.0;500.0;500.0;0.390107;0.425112;0.408044;0.389043;0.426975;0.424224;0.555334;18.4695465;79.89172;26.272763;3.0776095;27.4280515;7.5793435;38.2547645;12.461437;3.269818;13.190304;0.416579;0.538141;0.555165;0.549765;0.5576;0.642565;0.420438;1.650792
10;40;85874.0;82836.0;83438.0;85874.0;82836.0;83312.0;89298.0;78922.0;79292.0;79513.0;79890.0;79313.0;81314.0;80818.0;81497.0;80290.0;80868.0;83312.0;80622.0;79960.0;81542.0;79650.0;79924.0;83312.0;82970.0;484.0;413.0;429.0;484.0;413.0;433.0;520.0;388.5;389.5;395.0;422.0;394.0;413.0;406.5;413.0;390.0;407.0;433.0;377.0;382.0;402.0;375.0;399.0;433.0;445.0;506.0;652.0;542.0;506.0;652.0;500.0;1142.0;500.0;500.0;500.0;500.0;500.0;500.0;500.0;500.0;500.0;500.0;500.0;500.0;500.0;500.0;500.0;500.0;500.0;500.0;0.492628;0.484369;0.468083;0.489841;0.484381;0.483834;0.600394;13.7765665;66.887749;19.828387;2.307085;21.5082035;8.4244175;58.986254;15.010742;2.883947;15.7703135;0.475003;0.531278;0.580939;0.770249;0.801141;0.912625;0.480621;2.884502
10;50;87460.0;89576.0;85948.0;87460.0;89576.0;87042.0;94870.0;81766.0;81865.0;82084.0;80238.0;81747.0;84586.0;84121.0;84788.0;85870.0;84298.0;87042.0;85814.0;82404.0;85482.0;83600.0;82564.0;87042.0;89678.0;387.0;431.0;365.0;387.0;431.0;383.0;500.0;331.0;333.0;334.5;306.0;331.0;368.0;356.0;361.0;368.0;356.0;383.0;364.0;330.0;375.0;341.0;350.0;383.0;425.0;506.0;704.0;542.0;506.0;704.0;500.0;1310.0;500.0;500.0;500.0;500.0;500.0;500.0;500.0;500.0;500.0;500.0;500.0;500.0;500.0;500.0;500.0;500.0;500.0;500.0;0.308465;0.408629;0.325555;0.29362;0.360116;0.311464;0.604472;14.2893975;86.0416315;22.632982;2.0210855;23.9866015;10.2864045;85.492996;17.7458315;2.544964;18.516211;0.493014;0.642089;0.51784;0.911252;0.656132;1.104573;0.317854;5.512031
2;10;71678.0;71834.0;71454.0;71678.0;71834.0;71630.0;72872.0;70835.0;71098.0;70866.0;70928.0;70989.0;71569.0;71500.0;72066.0;71932.0;71631.0;71630.0;71184.0;71008.0;70992.0;70764.0;70994.0;71630.0;70276.0;1195.0;1189.0;1188.0;1195.0;1189.0;1200.0;1245.0;1187.0;1206.5;1194.0;1179.0;1196.5;1215.5;1206.5;1231.0;1241.0;1209.5;1200.0;1160.0;1157.0;1155.0;1150.0;1161.0;1200.0;1147.0;500.0;542.0;504.0;500.0;542.0;500.0;684.0;500.0;500.0;500.0;500.0;500.0;500.0;500.0;500.0;500.0;500.0;500.0;500.0;500.0;500.0;500.0;500.0;500.0;500.0;0.186846;0.193751;0.182515;0.193358;0.187434;0.276963;0.194307;25.913434;43.700889;32.0858125;7.7604605;34.162081;32.9370395;43.5191575;43.262873;10.300081;42.9682255;0.274957;0.317687;0.310932;0.300191;0.305894;0.332875;0.208673;0.462698
2;20;75704.0;75796.0;75424.0;75704.0;75796.0;75436.0;75934.0;74627.0;74498.0;75264.0;74176.0;74483.0;75816.0;75708.0;77530.0;75652.0;75683.0;75436.0;74648.0;74428.0;74492.0;74462.0;74192.0;75436.0;72938.0;670.0;686.0;676.0;670.0;686.0;659.0;682.0;667.5;667.5;692.0;663.0;672.5;691.0;687.5;731.5;702.0;694.0;659.0;646.0;664.0;642.0;649.0;677.0;659.0;647.0;500.0;570.0;518.0;500.0;570.0;500.0;822.0;500.0;500.0;500.0;500.0;500.0;500.0;500.0;500.0;500.0;500.0;500.0;500.0;500.0;500.0;500.0;500.0;500.0;500.0;0.218688;0.221681;0.215901;0.222542;0.237405;0.144875;0.217648;29.8794095;98.4416655;40.493271;3.1859785;41.607398;19.0334505;175.173298;30.594499;4.212921;53.826204;0.213368;0.266166;0.265737;0.26686;0.32005;0.316608;0.210266;0.554976
2;30;80512.0;82326.0;80162.0;80512.0;82326.0;80958.0;84706.0;78341.0;78185.0;79493.0;78568.0;78558.0;80201.0;79990.0;82876.0;79614.0;80827.0;80958.0;78604.0;78080.0;80930.0;77432.0;76694.0;80958.0;78076.0;538.0;572.0;520.0;538.0;572.0;538.0;621.0;494.5;494.0;515.0;510.0;503.0;525.0;524.0;551.0;527.0;531.5;538.0;486.0;489.0;584.0;462.0;459.0;538.0;507.0;504.0;614.0;510.0;504.0;614.0;500.0;1000.0;500.0;500.0;500.0;500.0;500.0;500.0;500.0;500.0;500.0;500.0;500.0;500.0;500.0;500.0;500.0;500.0;500.0;500.0;0.210731;0.371405;0.243756;0.20956;0.379205;0.218641;0.297364;33.632604;171.143878;48.3738535;1.0844465;51.850115;33.397914;174.658855;55.6997765;1.742002;49.642927;0.21382;0.300984;0.364394;0.345072;0.433022;0.528825;0.214105;1.467791
2;40;85756.0;88324.0;85300.0;85756.0;88324.0;85368.0;91484.0;82550.0;82205.0;86676.0;81980.0;83273.0;85456.0;85174.0;89230.0;81334.0;86987.0;85368.0;83850.0;84298.0;81590.0;82410.0;81706.0;85368.0;86420.0;465.0;509.0;455.0;465.0;509.0;436.0;528.0;413.0;407.5;449.0;416.0;419.0;447.0;445.5;477.5;396.0;459.0;436.0;438.0;446.0;388.0;413.0;402.0;436.0;480.0;504.0;658.0;530.0;504.0;658.0;500.0;1106.0;500.0;500.0;500.0;500.0;500.0;500.0;500.0;500.0;500.0;500.0;500.0;500.0;500.0;500.0;500.0;500.0;500.0;500.0;0.285643;0.475873;0.213581;0.28505;0.478138;0.243666;0.359127;71.7902;462.3693295;102.119926;0.696176;102.9188845;20.1998415;221.7292405;38.6812645;0.609702;40.0599685;0.24113;0.290944;0.409887;0.31527;0.460289;0.544072;0.243799;2.541144
2;50;90716.0;92124.0;92946.0;90716.0;92124.0;90368.0;102792.0;87095.0;86751.0;91837.0;86412.0;88468.0;92372.0;91630.0;95823.0;85892.0;93794.0;90368.0;89958.0;89062.0;89352.0;88192.0;88250.0;90368.0;93284.0;411.0;422.0;454.0;411.0;422.0;417.0;545.0;370.5;373.5;408.5;382.0;378.5;413.0;406.0;436.0;366.0;417.0;417.0;394.0;394.0;407.0;383.0;399.0;417.0;436.0;510.0;688.0;530.0;510.0;688.0;500.0;1258.0;500.0;500.0;500.0;500.0;500.0;500.0;500.0;500.0;500.0;500.0;500.0;500.0;500.0;500.0;500.0;500.0;500.0;500.0;0.311138;0.307641;0.284652;0.310427;0.308396;0.273168;0.793887;43.078129;378.5966565;68.9774895;0.607333;114.7796255;21.2856335;279.1276785;40.4237505;0.298549;43.9198795;0.263744;0.406933;0.552121;0.437104;0.64887;0.990924;0.266701;5.254934
5;10;71500.0;71000.0;71574.0;71500.0;71000.0;70650.0;72428.0;70632.0;70653.0;70835.0;70640.0;70699.0;71009.0;71248.0;71313.0;71724.0;71353.0;70650.0;71222.0;71388.0;71092.0;70994.0;70492.0;70650.0;69734.0;1188.0;1167.0;1197.0;1188.0;1167.0;1151.0;1232.0;1187.5;1184.0;1187.5;1192.0;1194.0;1198.5;1214.0;1211.5;1256.0;1211.0;1151.0;1146.0;1160.0;1157.0;1155.0;1144.0;1151.0;1131.0;500.0;514.0;506.0;500.0;514.0;500.0;676.0;500.0;500.0;500.0;500.0;500.0;500.0;500.0;500.0;500.0;500.0;500.0;500.0;500.0;500.0;500.0;500.0;500.0;500.0;0.349521;0.268594;0.361274;0.28958;0.351754;0.243257;0.357025;21.531237;19.9347635;15.732802;5.5503075;20.4758605;12.5747275;32.34276;21.6226715;6.981271;24.205763;0.341467;0.38351;0.417783;0.414825;0.423243;0.406341;0.339586;0.431488
5;20;74906.0;75622.0;75312.0;74906.0;75622.0;74598.0;77322.0;73723.0;73846.0;73559.0;73444.0;73630.0;74796.0;74832.0;75132.0;74830.0;74384.0;74598.0;74628.0;74300.0;74496.0;73708.0;72700.0;74598.0;73126.0;654.0;680.0;698.0;654.0;680.0;646.0;708.0;658.5;664.0;655.0;664.0;653.5;681.5;686.5;686.5;684.0;679.0;646.0;642.0;651.0;657.0;628.0;611.0;646.0;640.0;504.0;578.0;518.0;504.0;578.0;500.0;866.0;500.0;500.0;500.0;500.0;500.0;500.0;500.0;500.0;500.0;500.0;500.0;500.0;500.0;500.0;500.0;500.0;500.0;500.0;0.347162;0.369424;0.341983;0.346101;0.369264;0.342474;0.375752;16.390143;45.2656385;22.2103865;4.128349;23.2802575;18.492587;52.378428;17.8826;5.518361;18.4424225;0.261831;0.289826;0.390872;0.297737;0.286974;0.304436;0.34465;0.71575
5;30;77770.0;79224.0;79728.0;77770.0;79224.0;78504.0;82490.0;76328.0;76782.0;76830.0;76680.0;76691.0;78045.0;78178.0;79493.0;78090.0;77780.0;78504.0;78484.0;77592.0;78902.0;77780.0;75380.0;78504.0;77952.0;474.0;513.0;518.0;474.0;513.0;481.0;566.0;473.0;485.0;481.5;471.0;484.5;500.0;505.0;524.0;495.0;497.0;481.0;496.0;488.0;524.0;489.0;441.0;481.0;498.0;502.0;616.0;520.0;502.0;616.0;500.0;1064.0;500.0;500.0;500.0;500.0;500.0;500.0;500.0;500.0;500.0;500.0;500.0;500.0;500.0;500.0;500.0;500.0;500.0;500.0;0.33337;0.386302;0.367481;0.331789;0.37673;0.336959;0.422052;32.3214785;155.087521;46.185145;2.99944;28.1448635;12.472752;73.2575685;21.1386215;4.299139;23.017852;0.321468;0.488145;0.515234;0.49037;0.606983;0.61511;0.331862;2.173414
5;40;83030.0;83666.0;82918.0;83030.0;83666.0;85252.0;90002.0;79480.0;79518.0;80474.0;80636.0;79654.0;80745.0;81225.0;82600.0;80234.0;81524.0;85252.0;82966.0;79992.0;83028.0;81376.0;79110.0;85252.0;81868.0;411.0;431.0;416.0;411.0;431.0;463.0;518.0;386.5;382.5;399.0;404.0;389.0;402.0;407.0;420.5;394.0;405.0;463.0;439.0;381.0;426.0;391.0;376.0;463.0;428.0;524.0;648.0;540.0;524.0;648.0;500.0;1182.0;500.0;500.0;500.0;500.0;500.0;500.0;500.0;500.0;500.0;500.0;500.0;500.0;500.0;500.0;500.0;500.0;500.0;500.0;0.395131;0.408775;0.382927;0.393612;0.409867;0.390586;0.519359;27.405942;188.624015;48.562126;2.2695745;58.6400255;13.5603295;112.821485;25.024664;3.208632;26.7375245;0.383783;0.543819;0.602384;0.620804;0.832798;1.048588;0.388051;2.866874
5;50;85434.0;89674.0;87348.0;85434.0;89674.0;89430.0;101964.0;82735.0;82613.0;83904.0;83646.0;82617.0;84840.0;84734.0;87636.0;83468.0;85557.0;89430.0;83168.0;85260.0;85644.0;85388.0;82808.0;89430.0;91024.0;354.0;422.0;376.0;354.0;422.0;413.0;607.0;339.5;340.0;354.0;355.0;336.5;361.0;359.5;382.5;344.0;366.0;413.0;325.0;362.0;365.0;361.0;336.0;413.0;447.0;506.0;716.0;534.0;506.0;716.0;500.0;1304.0;500.0;500.0;500.0;500.0;500.0;500.0;500.0;500.0;500.0;500.0;500.0;500.0;500.0;500.0;500.0;500.0;500.0;500.0;0.370107;0.519952;0.41235;0.363793;0.52077;0.420623;0.924563;25.18996;167.284394;39.256038;1.8453795;41.3793635;14.9383495;153.6163925;28.856566;2.447178;29.546709;0.411414;0.525253;0.77821;0.683168;0.890039;1.15616;0.414959;4.329317
